Actual Price,Predicted Price,Residual
4060000,5164653.900339672,-1104653.9003396723
6650000,7224722.298021666,-574722.2980216658
3710000,3109863.2424033796,600136.7575966204
6440000,4612075.327225596,1827924.6727744043
2800000,3294646.2572595547,-494646.2572595547
4900000,3532275.0955655845,1367724.9044344155
5250000,5611774.568364757,-361774.5683647571
4543000,6368145.987327182,-1825145.9873271817
2450000,2722856.9568998525,-272856.9568998525
3353000,2629405.6158578238,723594.3841421762
10150000,9617039.503155801,532960.4968441986
2660000,2798087.304478878,-138087.30447887816
3360000,3171096.768470633,188903.23152936716
3360000,3394639.091255277,-34639.09125527693
2275000,3681088.6542427493,-1406088.6542427493
2660000,5263187.7462148545,-2603187.7462148545
2660000,3035963.4761238433,-375963.47612384334
7350000,4786122.800400503,2563877.199599497
2940000,4349551.9200572,-1409551.9200572
2870000,3572362.099304515,-702362.0993045149
6720000,5774875.213956491,945124.7860435089
5425000,5886993.579198833,-461993.5791988326
1890000,2730836.19518458,-840836.19518458
5250000,4727316.4732363485,522683.5267636515
4193000,5244847.527168005,-1051847.5271680048
12250000,7555324.216056034,4694675.783943966
3080000,3220790.8468026817,-140790.84680268168
5110000,5191898.799342065,-81898.79934206512
9800000,8143726.910097853,1656273.0899021467
2520000,3398814.098250347,-878814.0982503472
6790000,6490693.050279249,299306.94972075056
3500000,3315105.907478097,184894.0925219031
6650000,6708457.367613257,-58457.36761325691
2940000,4201738.2107167635,-1261738.2107167635
3325000,3557571.067351859,-232571.06735185906
4200000,5836974.50478626,-1636974.5047862604
4900000,4808660.674484749,91339.32551525068
3290000,4362878.7361326115,-1072878.7361326115
3500000,3191242.9570150757,308757.0429849243
2380000,4596554.932252384,-2216554.932252384
5495000,4566042.860484109,928957.1395158907
3675000,3517779.52374148,157220.47625852004
6650000,7205844.793658354,-555844.7936583543
4907000,3983597.2786110267,923402.7213889733
3150000,3749338.7027105624,-599338.7027105624
4480000,4274731.091258953,205268.90874104667
6580000,6757442.10783741,-177442.1078374097
5740000,4037320.436658511,1702679.563341489
3003000,3769334.9039712623,-766334.9039712623
1820000,3417627.443771559,-1597627.4437715588
8400000,7268416.676446108,1131583.3235538919
2450000,2802534.35431384,-352534.35431384016
4270000,4341750.61420452,-71750.61420452036
4007500,4516422.153456417,-508922.1534564169
3234000,3679997.6503784675,-445997.6503784675
1750000,2678959.0648115166,-928959.0648115166
9800000,7498029.177824583,2301970.822175417
2100000,2920366.454931666,-820366.4549316661
4340000,4239582.059601811,100417.94039818924
3045000,2766467.484670331,278532.51532966923
3850000,4841309.859332722,-991309.8593327217
3500000,3584359.5601492217,-84359.56014922168
4753000,5142140.848975794,-389140.8489757944
3080000,4221869.209962629,-1141869.2099626288
4550000,4698408.50824081,-148408.50824080966
6510000,4662380.985643122,1847619.0143568777
6685000,7177841.5121642435,-492841.5121642435
5110000,3452198.913837596,1657801.0861624042
4550000,5902436.9136141185,-1352436.9136141185
6650000,6198094.318228124,451905.6817718763
3640000,4773218.996890771,-1133218.9968907712
5600000,5178933.325856978,421066.6741430219
3780000,4490410.961065599,-710410.9610655988
6615000,7968737.415675145,-1353737.4156751446
3220000,3519394.9479219457,-299394.9479219457
6650000,5501905.049095543,1148094.950904457
4690000,3947055.1557139494,742944.8442860506
4830000,4714056.367079508,115943.63292049244
6860000,4792291.267643814,2067708.732356186
2233000,4250596.746593776,-2017596.7465937762
7035000,7718149.193573501,-683149.193573501
4165000,4053241.1177575774,111758.88224242255
6195000,6453918.607577256,-258918.60757725593
6510000,5355571.586802789,1154428.413197211
1890000,2755188.2917526886,-865188.2917526886
8190000,6796008.097933598,1393991.9020664021
2660000,2607277.381763313,52722.618236687034
4193000,3679738.8576198723,513261.1423801277
13300000,7968276.12638738,5331723.87361262
9681000,8078480.595008164,1602519.4049918363
4340000,3266213.7730970653,1073786.2269029347
8645000,5897888.5303104175,2747111.4696895825
3703000,3569461.0743918563,133538.92560814368
5145000,3868964.9803252034,1276035.0196747966
6440000,7584429.531248918,-1144429.5312489178
5950000,4740586.437716917,1209413.5622830829
5810000,5139372.690322534,670627.3096774658
5740000,6423485.102286017,-683485.1022860166
6230000,4914078.82258489,1315921.1774151102
5600000,5982087.312893159,-382087.31289315876
3010000,3855027.3219428053,-845027.3219428053
8890000,6420308.272823645,2469691.727176355
4900000,3749108.5131482864,1150891.4868517136
5530000,5998642.372044324,-468642.37204432394
9100000,4973331.100292527,4126668.899707473
3773000,4336650.868963843,-563650.8689638432
7910000,7059062.722748415,850937.2772515854
7350000,6398940.868319864,951059.1316801356
5530000,6363889.853126444,-833889.8531264439
